{"train_losses": [0.7618831447192601, 0.4798746577330998, 0.42734045130865916, 0.37541245349815916, 0.34715607847486224, 0.2978395359856742, 0.2775973835161754, 0.2570257959621293, 0.23532041928597858, 0.20714395897729057, 0.21637101939746312, 0.23823897881167275, 0.21989821876798357], "val_losses": [0.5902883484959602, 0.4695596992969513, 0.49865497648715973, 0.4583795815706253, 0.49857811629772186, 0.3973220884799957, 0.4810653626918793, 0.36630455777049065, 0.41168929263949394, 0.4271250404417515, 0.5118511840701103, 0.49083682894706726, 0.47391003742814064], "train_accuracies": [0.7433575537390251, 0.8873599757795944, 0.9014138661822586, 0.9165909778988798, 0.9193127459884953, 0.9316621253405994, 0.9314592794429307, 0.9388010899182562, 0.9414865273993339, 0.9487708144111414, 0.9494943990311838, 0.941710566151983, 0.9477777777777778], "val_accuracies": [0.8512522656316663, 0.8733743474780026, 0.829626037760946, 0.8788545333965778, 0.8612611487147828, 0.8806640352462267, 0.9001850489642468, 0.9281097755324328, 0.9106423959854839, 0.9072524883675406, 0.9188557549930481, 0.8735330389455245, 0.873341576442952], "best_val_accuracy": 0.9281097755324328, "best_val_loss": 0.36630455777049065}