{"train_losses": [0.19445079554404532, 0.16234710131372723, 0.1730497909443719, 0.17074232942291667, 0.14320866540074348, 0.14298534180436814, 0.14913830789072172, 0.1288680044135877, 0.11711146714431898, 0.12936963572033813, 0.12527959224368845], "val_losses": [0.41035321075469255, 0.40148705430328846, 0.35431593284010887, 0.3575275456532836, 0.4523950330913067, 0.3115247916430235, 0.3185456432402134, 0.4590699812397361, 0.39885831810534, 0.3410634892061353, 0.4606276974081993], "train_accuracies": [0.9486901535682023, 0.9576151761517615, 0.9529358626919603, 0.9535862691960253, 0.9617976513098464, 0.9627431496537188, 0.9607949412827461, 0.9660674495633845, 0.9682746160794942, 0.965161096055405, 0.965615778380006], "val_accuracies": [0.9120457667640913, 0.9091960667144944, 0.9096053416341204, 0.9148384639662854, 0.8907466222405619, 0.934685850822117, 0.9300710098549019, 0.8975816155600949, 0.9105900795777465, 0.919860623369478, 0.8969009510177083], "best_val_accuracy": 0.934685850822117, "best_val_loss": 0.3115247916430235}