{"train_losses": [0.5506758520076441, 0.5293424108693766, 0.4979702158029689, 0.49358322800591936, 0.5019948118647863, 0.5289355635989544, 0.5036888884943586, 0.5148625484732694, 0.533987934159678, 0.533132390920506, 0.5059352070093155], "val_losses": [0.6601381182670594, 0.8340568199753762, 0.6652895465493203, 0.8856249153614044, 0.9308425992727279, 0.874359330534935, 0.7199117869138718, 0.7315130427479744, 0.7808532357215882, 0.7710929870605469, 0.7986114114522934], "train_accuracies": [0.8599314481576692, 0.8635842820418655, 0.8790916880891174, 0.8748586118251928, 0.8760362345452319, 0.8687746358183376, 0.8755245440078345, 0.8723809523809524, 0.8677047374219611, 0.8642208348635084, 0.8713281919451585], "val_accuracies": [0.8734899583702449, 0.8028469307053847, 0.8727140749316007, 0.8281284337447339, 0.8556616069447893, 0.8366911928166267, 0.8614793067159505, 0.8437328005351489, 0.8930465198435492, 0.8733123195378759, 0.8320532598385249], "best_val_accuracy": 0.8930465198435492, "best_val_loss": 0.6601381182670594}